subset,split,unit,flight_class,eol_cycle,abnormal_from_cycle,components,params,delta_fan_eff_mod,delta_fan_flow_mod,delta_LPC_eff_mod,delta_LPC_flow_mod,delta_HPC_eff_mod,delta_HPC_flow_mod,delta_HPT_eff_mod,delta_HPT_flow_mod,delta_LPT_eff_mod,delta_LPT_flow_mod
DS01-005,dev,1,1,100,37,HPT,HPT_eff,0.0,0.0,0.0,0.0,0.0,0.0,-0.0166,0.0,0.0,0.0
DS01-005,dev,2,3,75,19,HPT,HPT_eff,0.0,0.0,0.0,0.0,0.0,0.0,-0.01751,0.0,0.0,0.0
DS01-005,dev,3,2,100,26,HPT,HPT_eff,0.0,0.0,0.0,0.0,0.0,0.0,-0.0065,0.0,0.0,0.0
DS01-005,dev,4,1,95,38,HPT,HPT_eff,0.0,0.0,0.0,0.0,0.0,0.0,-0.01805,0.0,0.0,0.0
DS01-005,dev,5,3,89,19,HPT,HPT_eff,0.0,0.0,0.0,0.0,0.0,0.0,-0.01796,0.0,0.0,0.0
DS01-005,dev,6,2,94,25,HPT,HPT_eff,0.0,0.0,0.0,0.0,0.0,0.0,-0.01733,0.0,0.0,0.0
DS01-005,test,7,1,90,36,HPT,HPT_eff,0.0,0.0,0.0,0.0,0.0,0.0,-0.01851,0.0,0.0,0.0
DS01-005,test,8,2,89,26,HPT,HPT_eff,0.0,0.0,0.0,0.0,0.0,0.0,-0.01754,0.0,0.0,0.0
DS01-005,test,9,1,80,35,HPT,HPT_eff,0.0,0.0,0.0,0.0,0.0,0.0,-0.01812,0.0,0.0,0.0
DS01-005,test,10,3,82,18,HPT,HPT_eff,0.0,0.0,0.0,0.0,0.0,0.0,-0.0172,0.0,0.0,0.0
DS02-006,dev,2,3,75,17,HPT,HPT_eff,0.0,0.0,0.0,0.0,0.0,0.0,-0.01751,0.0,0.0,0.0
DS02-006,dev,5,3,89,17,HPT,HPT_eff,0.0,0.0,0.0,0.0,0.0,0.0,-0.01796,0.0,0.0,0.0
DS02-006,dev,10,3,82,17,HPT,HPT_eff,0.0,0.0,0.0,0.0,0.0,0.0,-0.0172,0.0,0.0,0.0
DS02-006,dev,16,3,63,16,HPT+LPT,"HPT_eff,LPT_eff,LPT_flow",0.0,0.0,0.0,0.0,0.0,0.0,-0.00822,0.0,-0.005,-0.0172
DS02-006,dev,18,3,71,17,HPT+LPT,"HPT_eff,LPT_eff,LPT_flow",0.0,0.0,0.0,0.0,0.0,0.0,-0.00763,0.0,-0.01697,-0.01051
DS02-006,dev,20,3,66,17,HPT+LPT,"HPT_eff,LPT_eff,LPT_flow",0.0,0.0,0.0,0.0,0.0,0.0,-0.00739,0.0,-0.02321,-0.00557
DS02-006,test,11,3,59,19,HPT+LPT,"HPT_eff,LPT_eff,LPT_flow",0.0,0.0,0.0,0.0,0.0,0.0,-0.01174,0.0,-0.00434,-0.0116
DS02-006,test,14,1,76,36,HPT+LPT,"HPT_eff,LPT_eff,LPT_flow",0.0,0.0,0.0,0.0,0.0,0.0,-0.00669,0.0,-0.00904,-0.02099
DS02-006,test,15,2,67,24,HPT+LPT,"HPT_eff,LPT_eff,LPT_flow",0.0,0.0,0.0,0.0,0.0,0.0,-0.01002,0.0,-0.01103,-0.01041
DS03-012,dev,1,1,72,37,HPT+LPT,"HPT_eff,LPT_eff,LPT_flow",0.0,0.0,0.0,0.0,0.0,0.0,-0.00288,0.0,-0.00324,-0.02295
DS03-012,dev,2,2,73,24,HPT+LPT,"HPT_eff,LPT_eff,LPT_flow",0.0,0.0,0.0,0.0,0.0,0.0,-0.00625,0.0,-0.00745,-0.0221
DS03-012,dev,3,2,67,25,HPT+LPT,"HPT_eff,LPT_eff,LPT_flow",0.0,0.0,0.0,0.0,0.0,0.0,-0.00483,0.0,-0.00786,-0.02514
DS03-012,dev,4,2,60,24,HPT+LPT,"HPT_eff,LPT_eff,LPT_flow",0.0,0.0,0.0,0.0,0.0,0.0,-0.00509,0.0,-0.00194,-0.01921
DS03-012,dev,5,1,93,38,HPT+LPT,"HPT_eff,LPT_eff,LPT_flow",0.0,0.0,0.0,0.0,0.0,0.0,-0.00343,0.0,-0.01584,-0.0236
DS03-012,dev,6,3,63,18,HPT+LPT,"HPT_eff,LPT_eff,LPT_flow",0.0,0.0,0.0,0.0,0.0,0.0,-0.00822,0.0,-0.005,-0.0172
DS03-012,dev,7,2,80,25,HPT+LPT,"HPT_eff,LPT_eff,LPT_flow",0.0,0.0,0.0,0.0,0.0,0.0,-0.00817,0.0,-0.00869,-0.01563
DS03-012,dev,8,3,71,18,HPT+LPT,"HPT_eff,LPT_eff,LPT_flow",0.0,0.0,0.0,0.0,0.0,0.0,-0.00763,0.0,-0.01697,-0.01051
DS03-012,dev,9,1,84,37,HPT+LPT,"HPT_eff,LPT_eff,LPT_flow",0.0,0.0,0.0,0.0,0.0,0.0,-0.0114,0.0,-0.00781,-0.00775
DS03-012,test,10,3,66,18,HPT+LPT,"HPT_eff,LPT_eff,LPT_flow",0.0,0.0,0.0,0.0,0.0,0.0,-0.00739,0.0,-0.02321,-0.00557
DS03-012,test,11,3,59,19,HPT+LPT,"HPT_eff,LPT_eff,LPT_flow",0.0,0.0,0.0,0.0,0.0,0.0,-0.01174,0.0,-0.00434,-0.0116
DS03-012,test,12,1,93,37,HPT+LPT,"HPT_eff,LPT_eff,LPT_flow",0.0,0.0,0.0,0.0,0.0,0.0,-0.01115,0.0,-0.00717,-0.00764
DS03-012,test,13,3,77,19,HPT+LPT,"HPT_eff,LPT_eff,LPT_flow",0.0,0.0,0.0,0.0,0.0,0.0,-0.0076,0.0,-0.02132,-0.00515
DS03-012,test,14,1,76,36,HPT+LPT,"HPT_eff,LPT_eff,LPT_flow",0.0,0.0,0.0,0.0,0.0,0.0,-0.00669,0.0,-0.00904,-0.02099
DS03-012,test,15,2,67,25,HPT+LPT,"HPT_eff,LPT_eff,LPT_flow",0.0,0.0,0.0,0.0,0.0,0.0,-0.01002,0.0,-0.01103,-0.01041
DS04,dev,1,2,87,22,fan,"fan_eff,fan_flow",-0.08812,-0.03263,0.0,0.0,0.0,0.0,0.0,0.0,0.0,0.0
DS04,dev,2,3,73,17,fan,"fan_eff,fan_flow",-0.0566,-0.06432,0.0,0.0,0.0,0.0,0.0,0.0,0.0,0.0
DS04,dev,3,2,100,22,fan,"fan_eff,fan_flow",-0.03107,-0.0217,0.0,0.0,0.0,0.0,0.0,0.0,0.0,0.0
DS04,dev,4,3,69,16,fan,"fan_eff,fan_flow",-0.02323,-0.04112,0.0,0.0,0.0,0.0,0.0,0.0,0.0,0.0
DS04,dev,5,3,100,17,fan,"fan_eff,fan_flow",-0.06103,-0.06672,0.0,0.0,0.0,0.0,0.0,0.0,0.0,0.0
DS04,dev,6,3,83,17,fan,"fan_eff,fan_flow",-0.22331,-0.12042,0.0,0.0,0.0,0.0,0.0,0.0,0.0,0.0
DS04,test,7,2,87,22,fan,"fan_eff,fan_flow",-0.06599,-0.01497,0.0,0.0,0.0,0.0,0.0,0.0,0.0,0.0
DS04,test,8,2,99,22,fan,"fan_eff,fan_flow",-0.03343,-0.04891,0.0,0.0,0.0,0.0,0.0,0.0,0.0,0.0
DS04,test,9,2,73,22,fan,"fan_eff,fan_flow",-0.1473,-0.07267,0.0,0.0,0.0,0.0,0.0,0.0,0.0,0.0
DS04,test,10,3,85,17,fan,"fan_eff,fan_flow",-0.03405,-0.05011,0.0,0.0,0.0,0.0,0.0,0.0,0.0,0.0
DS05,dev,1,2,80,24,HPC,"HPC_eff,HPC_flow",0.0,0.0,0.0,0.0,-0.02421,-0.00795,0.0,0.0,0.0,0.0
DS05,dev,2,3,80,19,HPC,"HPC_eff,HPC_flow",0.0,0.0,0.0,0.0,-0.02374,-0.01682,0.0,0.0,0.0,0.0
DS05,dev,3,2,65,26,HPC,"HPC_eff,HPC_flow",0.0,0.0,0.0,0.0,-0.02285,-0.01409,0.0,0.0,0.0,0.0
DS05,dev,4,1,99,36,HPC,"HPC_eff,HPC_flow",0.0,0.0,0.0,0.0,-0.02341,-0.01997,0.0,0.0,0.0,0.0
DS05,dev,5,1,100,36,HPC,"HPC_eff,HPC_flow",0.0,0.0,0.0,0.0,-0.00885,-0.07592,0.0,0.0,0.0,0.0
DS05,dev,6,3,67,18,HPC,"HPC_eff,HPC_flow",0.0,0.0,0.0,0.0,-0.01377,-0.05841,0.0,0.0,0.0,0.0
DS05,test,7,2,85,24,HPC,"HPC_eff,HPC_flow",0.0,0.0,0.0,0.0,-0.0083,-0.07784,0.0,0.0,0.0,0.0
DS05,test,8,1,91,36,HPC,"HPC_eff,HPC_flow",0.0,0.0,0.0,0.0,-0.02162,-0.02847,0.0,0.0,0.0,0.0
DS05,test,9,3,69,19,HPC,"HPC_eff,HPC_flow",0.0,0.0,0.0,0.0,-0.0227,-0.01336,0.0,0.0,0.0,0.0
DS05,test,10,1,82,37,HPC,"HPC_eff,HPC_flow",0.0,0.0,0.0,0.0,-0.02079,-0.0242,0.0,0.0,0.0,0.0
DS06,dev,1,2,78,23,LPC+HPC,"LPC_eff,LPC_flow,HPC_eff,HPC_flow",0.0,0.0,-0.03465,-0.00528,-0.02081,-0.00694,0.0,0.0,0.0,0.0
DS06,dev,2,3,78,17,LPC+HPC,"LPC_eff,LPC_flow,HPC_eff,HPC_flow",0.0,0.0,-0.03531,-0.00936,-0.02095,-0.01527,0.0,0.0,0.0,0.0
DS06,dev,3,2,65,24,LPC+HPC,"LPC_eff,LPC_flow,HPC_eff,HPC_flow",0.0,0.0,-0.00699,-0.0057,-0.02285,-0.01409,0.0,0.0,0.0,0.0
DS06,dev,4,1,87,33,LPC+HPC,"LPC_eff,LPC_flow,HPC_eff,HPC_flow",0.0,0.0,-0.13321,-0.04897,-0.01061,-0.01018,0.0,0.0,0.0,0.0
DS06,dev,5,1,99,33,LPC+HPC,"LPC_eff,LPC_flow,HPC_eff,HPC_flow",0.0,0.0,-0.02872,-0.02314,-0.00853,-0.06979,0.0,0.0,0.0,0.0
DS06,dev,6,3,68,17,LPC+HPC,"LPC_eff,LPC_flow,HPC_eff,HPC_flow",0.0,0.0,-0.00486,-0.02598,-0.01488,-0.06465,0.0,0.0,0.0,0.0
DS06,test,7,2,80,22,LPC+HPC,"LPC_eff,LPC_flow,HPC_eff,HPC_flow",0.0,0.0,-0.02577,-0.1547,-0.00676,-0.05047,0.0,0.0,0.0,0.0
DS06,test,8,1,91,32,LPC+HPC,"LPC_eff,LPC_flow,HPC_eff,HPC_flow",0.0,0.0,-0.00824,-0.06521,-0.02162,-0.02847,0.0,0.0,0.0,0.0
DS06,test,9,3,69,17,LPC+HPC,"LPC_eff,LPC_flow,HPC_eff,HPC_flow",0.0,0.0,-0.01697,-0.02251,-0.0227,-0.01336,0.0,0.0,0.0,0.0
DS06,test,10,1,82,33,LPC+HPC,"LPC_eff,LPC_flow,HPC_eff,HPC_flow",0.0,0.0,-0.02122,-0.01214,-0.02079,-0.0242,0.0,0.0,0.0,0.0
DS07,dev,1,2,67,24,LPT,"LPT_eff,LPT_flow",0.0,0.0,0.0,0.0,0.0,0.0,0.0,0.0,-0.03602,-0.01966
DS07,dev,2,3,85,19,LPT,"LPT_eff,LPT_flow",0.0,0.0,0.0,0.0,0.0,0.0,0.0,0.0,-0.02825,-0.02267
DS07,dev,3,2,78,26,LPT,"LPT_eff,LPT_flow",0.0,0.0,0.0,0.0,0.0,0.0,0.0,0.0,-0.00499,-0.02862
DS07,dev,4,1,79,36,LPT,"LPT_eff,LPT_flow",0.0,0.0,0.0,0.0,0.0,0.0,0.0,0.0,-0.00908,-0.03193
DS07,dev,5,1,85,36,LPT,"LPT_eff,LPT_flow",0.0,0.0,0.0,0.0,0.0,0.0,0.0,0.0,-0.00549,-0.02786
DS07,dev,6,3,74,19,LPT,"LPT_eff,LPT_flow",0.0,0.0,0.0,0.0,0.0,0.0,0.0,0.0,-0.02146,-0.02812
DS07,test,7,2,78,24,LPT,"LPT_eff,LPT_flow",0.0,0.0,0.0,0.0,0.0,0.0,0.0,0.0,-0.03274,-0.01631
DS07,test,8,1,83,37,LPT,"LPT_eff,LPT_flow",0.0,0.0,0.0,0.0,0.0,0.0,0.0,0.0,-0.02269,-0.02614
DS07,test,9,3,96,19,LPT,"LPT_eff,LPT_flow",0.0,0.0,0.0,0.0,0.0,0.0,0.0,0.0,-0.02929,-0.02087
DS07,test,10,1,87,37,LPT,"LPT_eff,LPT_flow",0.0,0.0,0.0,0.0,0.0,0.0,0.0,0.0,-0.01892,-0.03156
DS08a-009,dev,1,1,72,31,fan+LPC+HPC+HPT+LPT,"fan_eff,fan_flow,LPC_eff,LPC_flow,HPC_eff,HPC_flow,HPT_eff,HPT_flow,LPT_eff,LPT_flow",-0.00189,-0.00496,-0.00505,-0.0043,-0.00298,-0.00855,-0.00829,-0.01022,-0.0149,-0.01372
DS08a-009,dev,2,3,51,16,fan+LPC+HPC+HPT+LPT,"fan_eff,fan_flow,LPC_eff,LPC_flow,HPC_eff,HPC_flow,HPT_eff,HPT_flow,LPT_eff,LPT_flow",-0.00405,-0.00333,-0.00296,-0.00969,-0.00646,-0.00864,-0.01163,-0.01136,-0.00192,-0.00353
DS08a-009,dev,3,1,75,29,fan+LPC+HPC+HPT+LPT,"fan_eff,fan_flow,LPC_eff,LPC_flow,HPC_eff,HPC_flow,HPT_eff,HPT_flow,LPT_eff,LPT_flow",-0.00542,-0.0223,-0.0209,-0.02642,-0.02508,-0.02159,-0.0028,-0.00364,-0.00341,-0.0078
DS08a-009,dev,4,2,71,22,fan+LPC+HPC+HPT+LPT,"fan_eff,fan_flow,LPC_eff,LPC_flow,HPC_eff,HPC_flow,HPT_eff,HPT_flow,LPT_eff,LPT_flow",-0.02726,-0.03395,-0.06124,-0.04552,-0.0046,-0.00891,-0.00464,-0.01248,-0.0271,-0.01222
DS08a-009,dev,5,2,56,19,fan+LPC+HPC+HPT+LPT,"fan_eff,fan_flow,LPC_eff,LPC_flow,HPC_eff,HPC_flow,HPT_eff,HPT_flow,LPT_eff,LPT_flow",-0.01308,-0.01175,-0.00258,-0.00527,-0.00197,-0.00432,-0.01371,-0.00745,-0.00216,-0.00451
DS08a-009,dev,6,3,58,15,fan+LPC+HPC+HPT+LPT,"fan_eff,fan_flow,LPC_eff,LPC_flow,HPC_eff,HPC_flow,HPT_eff,HPT_flow,LPT_eff,LPT_flow",-0.00352,-0.0065,-0.0038,-0.00937,-0.01368,-0.00734,-0.00388,-0.00922,-0.00761,-0.00719
DS08a-009,dev,7,2,68,21,fan+LPC+HPC+HPT+LPT,"fan_eff,fan_flow,LPC_eff,LPC_flow,HPC_eff,HPC_flow,HPT_eff,HPT_flow,LPT_eff,LPT_flow",-0.00412,-0.01039,-0.02748,-0.01183,-0.00435,-0.00981,-0.01285,-0.01125,-0.00487,-0.01047
DS08a-009,dev,8,2,65,23,fan+LPC+HPC+HPT+LPT,"fan_eff,fan_flow,LPC_eff,LPC_flow,HPC_eff,HPC_flow,HPT_eff,HPT_flow,LPT_eff,LPT_flow",-0.02235,-0.01046,-0.00443,-0.01039,-0.00792,-0.00742,-0.00389,-0.00875,-0.00487,-0.00949
DS08a-009,dev,9,1,95,30,fan+LPC+HPC+HPT+LPT,"fan_eff,fan_flow,LPC_eff,LPC_flow,HPC_eff,HPC_flow,HPT_eff,HPT_flow,LPT_eff,LPT_flow",-0.01489,-0.05264,-0.04274,-0.03114,-0.01125,-0.03095,-0.01522,-0.03843,-0.02938,-0.0193
DS08a-009,test,10,1,78,30,fan+LPC+HPC+HPT+LPT,"fan_eff,fan_flow,LPC_eff,LPC_flow,HPC_eff,HPC_flow,HPT_eff,HPT_flow,LPT_eff,LPT_flow",-0.01382,-0.01226,-0.00485,-0.01218,-0.00763,-0.01722,-0.00813,-0.00688,-0.00364,-0.00908
DS08a-009,test,11,2,60,21,fan+LPC+HPC+HPT+LPT,"fan_eff,fan_flow,LPC_eff,LPC_flow,HPC_eff,HPC_flow,HPT_eff,HPT_flow,LPT_eff,LPT_flow",-0.00351,-0.00791,-0.00466,-0.00929,-0.00627,-0.00583,-0.00265,-0.00647,-0.00348,-0.02847
DS08a-009,test,12,3,58,18,fan+LPC+HPC+HPT+LPT,"fan_eff,fan_flow,LPC_eff,LPC_flow,HPC_eff,HPC_flow,HPT_eff,HPT_flow,LPT_eff,LPT_flow",-0.00541,-0.01184,-0.00823,-0.00713,-0.00291,-0.00627,-0.00385,-0.036,-0.00428,-0.01006
DS08a-009,test,13,3,56,15,fan+LPC+HPC+HPT+LPT,"fan_eff,fan_flow,LPC_eff,LPC_flow,HPC_eff,HPC_flow,HPT_eff,HPT_flow,LPT_eff,LPT_flow",-0.0089,-0.00638,-0.00266,-0.00684,-0.00373,-0.03562,-0.0046,-0.01145,-0.00714,-0.02106
DS08a-009,test,14,3,59,16,fan+LPC+HPC+HPT+LPT,"fan_eff,fan_flow,LPC_eff,LPC_flow,HPC_eff,HPC_flow,HPT_eff,HPT_flow,LPT_eff,LPT_flow",-0.00321,-0.00908,-0.004,-0.04021,-0.00374,-0.01039,-0.00611,-0.01687,-0.0023,-0.03884
DS08a-009,test,15,1,72,28,fan+LPC+HPC+HPT+LPT,"fan_eff,fan_flow,LPC_eff,LPC_flow,HPC_eff,HPC_flow,HPT_eff,HPT_flow,LPT_eff,LPT_flow",-0.00387,-0.04073,-0.00547,-0.01483,-0.00444,-0.01023,-0.00143,-0.00836,-0.00391,-0.00472
DS08c-008,dev,1,3,53,17,fan+LPC+HPC+HPT+LPT,"fan_eff,fan_flow,LPC_eff,LPC_flow,HPC_eff,HPC_flow,HPT_eff,HPT_flow,LPT_eff,LPT_flow",-0.0052,-0.02606,-0.01181,-0.00366,-0.00288,-0.01464,-0.00472,-0.00687,-0.00727,-0.00372
DS08c-008,dev,2,3,52,17,fan+LPC+HPC+HPT+LPT,"fan_eff,fan_flow,LPC_eff,LPC_flow,HPC_eff,HPC_flow,HPT_eff,HPT_flow,LPT_eff,LPT_flow",-0.01017,-0.00365,-0.00289,-0.01492,-0.0052,-0.00689,-0.00578,-0.00376,-0.01069,-0.00922
DS08c-008,dev,3,3,53,17,fan+LPC+HPC+HPT+LPT,"fan_eff,fan_flow,LPC_eff,LPC_flow,HPC_eff,HPC_flow,HPT_eff,HPT_flow,LPT_eff,LPT_flow",-0.00264,-0.01561,-0.00572,-0.00843,-0.0064,-0.00389,-0.01037,-0.00946,-0.02062,-0.01036
DS08c-008,dev,4,3,48,17,fan+LPC+HPC+HPT+LPT,"fan_eff,fan_flow,LPC_eff,LPC_flow,HPC_eff,HPC_flow,HPT_eff,HPT_flow,LPT_eff,LPT_flow",-0.00399,-0.00562,-0.00496,-0.00327,-0.00729,-0.00681,-0.01264,-0.00725,-0.00219,-0.00441
DS08c-008,dev,5,3,50,16,fan+LPC+HPC+HPT+LPT,"fan_eff,fan_flow,LPC_eff,LPC_flow,HPC_eff,HPC_flow,HPT_eff,HPT_flow,LPT_eff,LPT_flow",-0.00663,-0.00393,-0.01043,-0.00936,-0.01613,-0.00797,-0.002,-0.00529,-0.00398,-0.00361
DS08c-008,dev,6,2,60,22,fan+LPC+HPC+HPT+LPT,"fan_eff,fan_flow,LPC_eff,LPC_flow,HPC_eff,HPC_flow,HPT_eff,HPT_flow,LPT_eff,LPT_flow",-0.01538,-0.01292,-0.03058,-0.01296,-0.00283,-0.00691,-0.00481,-0.00417,-0.00149,-0.02539
DS08c-008,test,7,2,62,23,fan+LPC+HPC+HPT+LPT,"fan_eff,fan_flow,LPC_eff,LPC_flow,HPC_eff,HPC_flow,HPT_eff,HPT_flow,LPT_eff,LPT_flow",-0.03929,-0.01539,-0.00294,-0.00783,-0.00461,-0.00421,-0.00168,-0.02497,-0.01504,-0.00583
DS08c-008,test,8,2,62,23,fan+LPC+HPC+HPT+LPT,"fan_eff,fan_flow,LPC_eff,LPC_flow,HPC_eff,HPC_flow,HPT_eff,HPT_flow,LPT_eff,LPT_flow",-0.00334,-0.00891,-0.00574,-0.00548,-0.00201,-0.02772,-0.01471,-0.006,-0.00331,-0.00504
DS08c-008,test,9,2,59,22,fan+LPC+HPC+HPT+LPT,"fan_eff,fan_flow,LPC_eff,LPC_flow,HPC_eff,HPC_flow,HPT_eff,HPT_flow,LPT_eff,LPT_flow",-0.00501,-0.00473,-0.00175,-0.02497,-0.01359,-0.00555,-0.00319,-0.0041,-0.01424,-0.00407
DS08c-008,test,10,2,54,22,fan+LPC+HPC+HPT+LPT,"fan_eff,fan_flow,LPC_eff,LPC_flow,HPC_eff,HPC_flow,HPT_eff,HPT_flow,LPT_eff,LPT_flow",-0.00178,-0.01576,-0.00915,-0.00408,-0.00251,-0.00327,-0.00836,-0.00358,-0.00155,-0.00401
