unit,cycles_observed,y_true,y_true_raw,y_pred,err
1,230,22.0,22.0,16.0,-6.0
2,153,39.0,39.0,93.0,54.0
3,141,107.0,107.0,105.0,-2.0
4,208,75.0,75.0,38.0,-37.0
5,51,125.0,149.0,125.0,0.0
6,146,78.0,78.0,100.0,22.0
7,54,94.0,94.0,125.0,31.0
8,248,14.0,14.0,0.0,-14.0
9,284,99.0,99.0,0.0,-99.0
10,23,125.0,162.0,125.0,0.0
11,82,125.0,143.0,125.0,0.0
12,270,7.0,7.0,0.0,-7.0
13,227,71.0,71.0,19.0,-52.0
14,102,105.0,105.0,125.0,20.0
15,168,12.0,12.0,78.0,66.0
16,240,125.0,160.0,6.0,-119.0
17,334,125.0,162.0,0.0,-125.0
18,247,104.0,104.0,0.0,-104.0
19,24,125.0,194.0,125.0,0.0
20,115,82.0,82.0,125.0,43.0
21,202,91.0,91.0,44.0,-47.0
22,158,11.0,11.0,88.0,77.0
23,162,26.0,26.0,84.0,58.0
24,174,125.0,142.0,72.0,-53.0
25,486,39.0,39.0,0.0,-39.0
26,90,92.0,92.0,125.0,33.0
27,144,76.0,76.0,102.0,26.0
28,20,124.0,124.0,125.0,1.0
29,216,64.0,64.0,30.0,-34.0
30,229,118.0,118.0,17.0,-101.0
31,134,6.0,6.0,112.0,106.0
32,260,22.0,22.0,0.0,-22.0
33,107,125.0,147.0,125.0,0.0
34,361,125.0,126.0,0.0,-125.0
35,278,36.0,36.0,0.0,-36.0
36,159,73.0,73.0,87.0,14.0
37,345,89.0,89.0,0.0,-89.0
38,125,11.0,11.0,121.0,110.0
39,214,125.0,151.0,32.0,-93.0
40,266,10.0,10.0,0.0,-10.0
41,414,97.0,97.0,0.0,-97.0
42,200,30.0,30.0,46.0,16.0
43,120,42.0,42.0,125.0,83.0
44,406,60.0,60.0,0.0,-60.0
45,78,85.0,85.0,125.0,40.0
46,37,125.0,134.0,125.0,0.0
47,224,34.0,34.0,22.0,-12.0
48,214,45.0,45.0,32.0,-13.0
49,273,24.0,24.0,0.0,-24.0
50,206,86.0,86.0,40.0,-46.0
51,137,119.0,119.0,109.0,-10.0
52,58,125.0,151.0,125.0,0.0
53,67,125.0,142.0,125.0,0.0
54,81,125.0,176.0,125.0,0.0
55,103,125.0,157.0,125.0,0.0
56,180,67.0,67.0,66.0,-1.0
57,121,97.0,97.0,125.0,28.0
58,185,8.0,8.0,61.0,53.0
59,37,125.0,154.0,125.0,0.0
60,135,125.0,139.0,111.0,-14.0
61,396,51.0,51.0,0.0,-51.0
62,240,33.0,33.0,6.0,-27.0
63,158,125.0,184.0,88.0,-37.0
64,251,46.0,46.0,0.0,-46.0
65,186,12.0,12.0,60.0,48.0
66,97,125.0,133.0,125.0,0.0
67,150,46.0,46.0,96.0,50.0
68,241,46.0,46.0,5.0,-41.0
69,162,12.0,12.0,84.0,72.0
70,190,33.0,33.0,56.0,23.0
71,292,15.0,15.0,0.0,-15.0
72,118,125.0,176.0,125.0,0.0
73,149,23.0,23.0,97.0,74.0
74,223,89.0,89.0,23.0,-66.0
75,203,124.0,124.0,43.0,-81.0
76,48,125.0,163.0,125.0,0.0
77,108,25.0,25.0,125.0,100.0
78,106,74.0,74.0,125.0,51.0
79,184,78.0,78.0,62.0,-16.0
80,112,114.0,114.0,125.0,11.0
81,60,96.0,96.0,125.0,29.0
82,146,10.0,10.0,100.0,90.0
83,274,125.0,172.0,0.0,-125.0
84,88,125.0,166.0,125.0,0.0
85,174,115.0,115.0,72.0,-43.0
86,254,70.0,70.0,0.0,-70.0
87,167,94.0,94.0,79.0,-15.0
88,140,56.0,56.0,106.0,50.0
89,285,86.0,86.0,0.0,-86.0
90,118,96.0,96.0,125.0,29.0
91,144,50.0,50.0,102.0,52.0
92,116,73.0,73.0,125.0,52.0
93,200,125.0,154.0,46.0,-79.0
94,105,125.0,129.0,125.0,0.0
95,110,125.0,171.0,125.0,0.0
96,123,71.0,71.0,123.0,52.0
97,51,105.0,105.0,125.0,20.0
98,82,113.0,113.0,125.0,12.0
99,237,37.0,37.0,9.0,-28.0
100,196,7.0,7.0,50.0,43.0
101,166,13.0,13.0,80.0,67.0
102,443,22.0,22.0,0.0,-22.0
103,145,9.0,9.0,101.0,92.0
104,65,120.0,120.0,125.0,5.0
105,351,100.0,100.0,0.0,-100.0
106,148,107.0,107.0,98.0,-9.0
107,121,41.0,41.0,125.0,84.0
108,145,125.0,153.0,101.0,-24.0
109,66,125.0,126.0,125.0,0.0
110,348,59.0,59.0,0.0,-59.0
111,342,18.0,18.0,0.0,-18.0
112,88,66.0,66.0,125.0,59.0
113,132,13.0,13.0,114.0,101.0
114,218,14.0,14.0,28.0,14.0
115,82,125.0,139.0,125.0,0.0
116,161,13.0,13.0,85.0,72.0
117,97,75.0,75.0,125.0,50.0
118,178,8.0,8.0,68.0,60.0
119,228,109.0,109.0,18.0,-91.0
120,170,125.0,137.0,76.0,-49.0
121,194,41.0,41.0,52.0,11.0
122,117,125.0,192.0,125.0,0.0
123,236,23.0,23.0,10.0,-13.0
124,230,86.0,86.0,16.0,-70.0
125,21,125.0,184.0,125.0,0.0
126,220,15.0,15.0,26.0,11.0
127,98,125.0,195.0,125.0,0.0
128,139,125.0,126.0,107.0,-18.0
129,315,120.0,120.0,0.0,-120.0
130,107,125.0,165.0,125.0,0.0
131,193,101.0,101.0,53.0,-48.0
132,115,116.0,116.0,125.0,9.0
133,74,125.0,126.0,125.0,0.0
134,266,36.0,36.0,0.0,-36.0
135,435,7.0,7.0,0.0,-7.0
136,56,122.0,122.0,125.0,3.0
137,291,125.0,159.0,0.0,-125.0
138,239,88.0,88.0,7.0,-81.0
139,88,125.0,173.0,125.0,0.0
140,160,125.0,146.0,86.0,-39.0
141,19,125.0,130.0,125.0,0.0
142,69,108.0,108.0,125.0,17.0
143,327,53.0,53.0,0.0,-53.0
144,34,125.0,162.0,125.0,0.0
145,102,59.0,59.0,125.0,66.0
146,84,100.0,100.0,125.0,25.0
147,116,56.0,56.0,125.0,69.0
148,126,125.0,145.0,120.0,-5.0
149,320,76.0,76.0,0.0,-76.0
150,202,57.0,57.0,44.0,-13.0
151,285,31.0,31.0,0.0,-31.0
152,195,88.0,88.0,51.0,-37.0
153,130,125.0,173.0,116.0,-9.0
154,122,34.0,34.0,124.0,90.0
155,161,7.0,7.0,85.0,78.0
156,28,125.0,133.0,125.0,0.0
157,138,125.0,172.0,108.0,-17.0
158,171,6.0,6.0,75.0,69.0
159,160,22.0,22.0,86.0,64.0
160,122,83.0,83.0,124.0,41.0
161,257,82.0,82.0,0.0,-82.0
162,99,84.0,84.0,125.0,41.0
163,122,95.0,95.0,124.0,29.0
164,29,125.0,174.0,125.0,0.0
165,178,111.0,111.0,68.0,-43.0
166,63,72.0,72.0,125.0,53.0
167,99,109.0,109.0,125.0,16.0
168,74,87.0,87.0,125.0,38.0
169,34,125.0,179.0,125.0,0.0
170,48,125.0,158.0,125.0,0.0
171,355,125.0,126.0,0.0,-125.0
172,132,12.0,12.0,114.0,102.0
173,151,8.0,8.0,95.0,87.0
174,135,10.0,10.0,111.0,101.0
175,116,123.0,123.0,125.0,2.0
176,185,103.0,103.0,61.0,-42.0
177,146,12.0,12.0,100.0,88.0
178,279,106.0,106.0,0.0,-106.0
179,262,12.0,12.0,0.0,-12.0
180,367,32.0,32.0,0.0,-32.0
181,199,37.0,37.0,47.0,10.0
182,98,116.0,116.0,125.0,9.0
183,125,15.0,15.0,121.0,106.0
184,154,10.0,10.0,92.0,82.0
185,203,46.0,46.0,43.0,-3.0
186,47,125.0,142.0,125.0,0.0
187,121,24.0,24.0,125.0,101.0
188,157,125.0,135.0,89.0,-36.0
189,107,56.0,56.0,125.0,69.0
190,200,43.0,43.0,46.0,3.0
191,71,125.0,178.0,125.0,0.0
192,203,71.0,71.0,43.0,-28.0
193,263,104.0,104.0,0.0,-104.0
194,214,15.0,15.0,32.0,17.0
195,186,125.0,166.0,60.0,-65.0
196,70,89.0,89.0,125.0,36.0
197,196,36.0,36.0,50.0,14.0
198,115,11.0,11.0,125.0,114.0
199,177,92.0,92.0,69.0,-23.0
200,115,96.0,96.0,125.0,29.0
201,139,59.0,59.0,107.0,48.0
202,222,13.0,13.0,24.0,11.0
203,87,125.0,167.0,125.0,0.0
204,19,125.0,151.0,125.0,0.0
205,95,125.0,154.0,125.0,0.0
206,291,109.0,109.0,0.0,-109.0
207,179,116.0,116.0,67.0,-49.0
208,180,91.0,91.0,66.0,-25.0
209,171,11.0,11.0,75.0,64.0
210,135,88.0,88.0,111.0,23.0
211,206,108.0,108.0,40.0,-68.0
212,261,76.0,76.0,0.0,-76.0
213,288,14.0,14.0,0.0,-14.0
214,102,89.0,89.0,125.0,36.0
215,72,125.0,145.0,125.0,0.0
216,264,17.0,17.0,0.0,-17.0
217,141,66.0,66.0,105.0,39.0
218,63,125.0,154.0,125.0,0.0
219,110,41.0,41.0,125.0,84.0
220,65,125.0,182.0,125.0,0.0
221,176,73.0,73.0,70.0,-3.0
222,178,39.0,39.0,68.0,29.0
223,305,58.0,58.0,0.0,-58.0
224,152,14.0,14.0,94.0,80.0
225,39,125.0,145.0,125.0,0.0
226,59,88.0,88.0,125.0,37.0
227,62,125.0,162.0,125.0,0.0
228,126,125.0,189.0,120.0,-5.0
229,20,120.0,120.0,125.0,5.0
230,157,98.0,98.0,89.0,-9.0
231,230,33.0,33.0,16.0,-17.0
232,370,125.0,184.0,0.0,-125.0
233,111,110.0,110.0,125.0,15.0
234,179,68.0,68.0,67.0,-1.0
235,362,24.0,24.0,0.0,-24.0
236,176,75.0,75.0,70.0,-5.0
237,221,18.0,18.0,25.0,7.0
238,177,16.0,16.0,69.0,53.0
239,28,125.0,166.0,125.0,0.0
240,204,98.0,98.0,42.0,-56.0
241,42,125.0,176.0,125.0,0.0
242,112,81.0,81.0,125.0,44.0
243,199,118.0,118.0,47.0,-71.0
244,184,35.0,35.0,62.0,27.0
245,63,125.0,131.0,125.0,0.0
246,29,125.0,194.0,125.0,0.0
247,94,112.0,112.0,125.0,13.0
248,281,26.0,26.0,0.0,-26.0
