subset,unit_local,components,Fc,engines,cycles,rmse,bias
DS01-005,7,HPT,1,1,90,26.62,-5.83
DS01-005,8,HPT,2,1,89,26.24,-5.33
DS01-005,9,HPT,1,1,80,23.11,-0.83
DS01-005,10,HPT,3,1,82,23.74,-1.83
DS02-006,11,HPT+LPT,3,1,59,19.58,9.67
DS02-006,14,HPT+LPT,1,1,76,21.97,1.17
DS02-006,15,HPT+LPT,2,1,67,20.15,5.67
DS03-012,10,HPT+LPT,3,1,66,20.03,6.17
DS03-012,11,HPT+LPT,3,1,59,19.58,9.67
DS03-012,12,HPT+LPT,1,1,93,27.83,-7.33
DS03-012,13,HPT+LPT,3,1,77,22.24,0.67
DS03-012,14,HPT+LPT,1,1,76,21.97,1.17
DS03-012,15,HPT+LPT,2,1,67,20.15,5.67
DS04,7,fan,2,1,87,25.48,-4.33
DS04,8,fan,2,1,99,30.39,-10.33
DS04,9,fan,2,1,73,21.24,2.67
DS04,10,fan,3,1,85,24.76,-3.33
DS05,7,HPC,2,1,85,24.76,-3.33
DS05,8,HPC,1,1,91,27.02,-6.33
DS05,9,HPC,3,1,69,20.46,4.67
DS05,10,HPC,1,1,82,23.74,-1.83
DS06,7,LPC+HPC,2,1,80,23.11,-0.83
DS06,8,LPC+HPC,1,1,91,27.02,-6.33
DS06,9,LPC+HPC,3,1,69,20.46,4.67
DS06,10,LPC+HPC,1,1,82,23.74,-1.83
DS07,7,LPT,2,1,78,22.52,0.17
DS07,8,LPT,1,1,83,24.07,-2.33
DS07,9,LPT,3,1,96,29.08,-8.83
DS07,10,LPT,1,1,87,25.48,-4.33
DS08a-009,10,fan+LPC+HPC+HPT+LPT,1,1,78,22.52,0.17
DS08a-009,11,fan+LPC+HPC+HPT+LPT,2,1,60,19.6,9.17
DS08a-009,12,fan+LPC+HPC+HPT+LPT,3,1,58,19.59,10.17
DS08a-009,13,fan+LPC+HPC+HPT+LPT,3,1,56,19.65,11.17
DS08a-009,14,fan+LPC+HPC+HPT+LPT,3,1,59,19.58,9.67
DS08a-009,15,fan+LPC+HPC+HPT+LPT,1,1,72,21.02,3.17
DS08c-008,7,fan+LPC+HPC+HPT+LPT,2,1,62,19.67,8.17
DS08c-008,8,fan+LPC+HPC+HPT+LPT,2,1,62,19.67,8.17
DS08c-008,9,fan+LPC+HPC+HPT+LPT,2,1,59,19.58,9.67
DS08c-008,10,fan+LPC+HPC+HPT+LPT,2,1,54,19.78,12.17
